month,title,region,budget_usd
2025-01,Coral Quest,APAC,10765.01
2025-01,Coral Quest,EMEA,13765.85
2025-01,Coral Quest,NA,15038.93
2025-01,Iron Vanguard,APAC,5916.87
2025-01,Iron Vanguard,EMEA,7298.74
2025-01,Iron Vanguard,NA,9131.83
2025-01,Neon Racer,APAC,3275.68
2025-01,Neon Racer,EMEA,4698.02
2025-01,Neon Racer,NA,5226.88
2025-02,Coral Quest,APAC,10017.53
2025-02,Coral Quest,EMEA,11760.38
2025-02,Coral Quest,NA,13076.61
2025-02,Iron Vanguard,APAC,5715.86
2025-02,Iron Vanguard,EMEA,7218.33
2025-02,Iron Vanguard,NA,8164.58
2025-02,Neon Racer,APAC,3527.33
2025-02,Neon Racer,EMEA,4657.81
2025-02,Neon Racer,NA,5013.65
2025-03,Coral Quest,APAC,9676.68
2025-03,Coral Quest,EMEA,12591.65
2025-03,Coral Quest,NA,12089.47
2025-03,Iron Vanguard,APAC,5248.51
2025-03,Iron Vanguard,EMEA,6991.78
2025-03,Iron Vanguard,NA,6945.26
2025-03,Neon Racer,APAC,2966.08
2025-03,Neon Racer,EMEA,3982.2
2025-03,Neon Racer,NA,4407.49
2025-04,Coral Quest,APAC,9357.82
2025-04,Coral Quest,EMEA,10759.08
2025-04,Coral Quest,NA,11754.99
2025-04,Iron Vanguard,APAC,5145.87
2025-04,Iron Vanguard,EMEA,5936.74
2025-04,Iron Vanguard,NA,6305.73
2025-04,Neon Racer,APAC,2805.86
2025-04,Neon Racer,EMEA,3769.9
2025-04,Neon Racer,NA,3814.62
2025-05,Coral Quest,APAC,7747.97
2025-05,Coral Quest,EMEA,8701.5
2025-05,Coral Quest,NA,11509.52
2025-05,Iron Vanguard,APAC,4414.98
2025-05,Iron Vanguard,EMEA,5491.36
2025-05,Iron Vanguard,NA,6926.18
2025-05,Neon Racer,APAC,2759.24
2025-05,Neon Racer,EMEA,3576.13
2025-05,Neon Racer,NA,3841.8
2025-06,Coral Quest,APAC,7910.82
2025-06,Coral Quest,EMEA,8414.31
2025-06,Coral Quest,NA,10325.19
2025-06,Iron Vanguard,APAC,4505.53
2025-06,Iron Vanguard,EMEA,5868.2
2025-06,Iron Vanguard,NA,5935.76
2025-06,Neon Racer,APAC,2663.35
2025-06,Neon Racer,EMEA,2892.19
2025-06,Neon Racer,NA,3465.27
2025-07,Coral Quest,APAC,7273.99
2025-07,Coral Quest,EMEA,8516.18
2025-07,Coral Quest,NA,10881.55
2025-07,Iron Vanguard,APAC,4387.14
2025-07,Iron Vanguard,EMEA,5981.54
2025-07,Iron Vanguard,NA,6210.88
2025-07,Neon Racer,APAC,2665.15
2025-07,Neon Racer,EMEA,3257.14
2025-07,Neon Racer,NA,3667.58
2025-08,Coral Quest,APAC,7386.82
2025-08,Coral Quest,EMEA,9528.1
2025-08,Coral Quest,NA,10216.33
2025-08,Iron Vanguard,APAC,4642.02
2025-08,Iron Vanguard,EMEA,5285.14
2025-08,Iron Vanguard,NA,7026.35
2025-08,Neon Racer,APAC,2592.28
2025-08,Neon Racer,EMEA,3452.71
2025-08,Neon Racer,NA,3581.83
2025-09,Coral Quest,APAC,9290.25
2025-09,Coral Quest,EMEA,10836.28
2025-09,Coral Quest,NA,10866.29
2025-09,Iron Vanguard,APAC,5508.53
2025-09,Iron Vanguard,EMEA,6813.91
2025-09,Iron Vanguard,NA,7558.16
2025-09,Neon Racer,APAC,3033.73
2025-09,Neon Racer,EMEA,3375.53
2025-09,Neon Racer,NA,3810.82
2025-10,Coral Quest,APAC,10233.53
2025-10,Coral Quest,EMEA,11566.6
2025-10,Coral Quest,NA,11976.12
2025-10,Iron Vanguard,APAC,6051.48
2025-10,Iron Vanguard,EMEA,7017.28
2025-10,Iron Vanguard,NA,7733.2
2025-10,Neon Racer,APAC,3182.38
2025-10,Neon Racer,EMEA,3891.79
2025-10,Neon Racer,NA,4197.78
2025-11,Coral Quest,APAC,9189.13
2025-11,Coral Quest,EMEA,13219.12
2025-11,Coral Quest,NA,13651.75
2025-11,Iron Vanguard,APAC,6093.28
2025-11,Iron Vanguard,EMEA,7068.48
2025-11,Iron Vanguard,NA,8603.15
2025-11,Neon Racer,APAC,3171.84
2025-11,Neon Racer,EMEA,4146.85
2025-11,Neon Racer,NA,4309.54
2025-12,Coral Quest,APAC,9718.26
2025-12,Coral Quest,EMEA,13955.86
2025-12,Coral Quest,NA,14715.04
2025-12,Iron Vanguard,APAC,6176.23
2025-12,Iron Vanguard,EMEA,7645.06
2025-12,Iron Vanguard,NA,9138.19
2025-12,Neon Racer,APAC,3525.06
2025-12,Neon Racer,EMEA,4497.88
2025-12,Neon Racer,NA,5119.27
2026-01,Coral Quest,APAC,10198.56
2026-01,Coral Quest,EMEA,12801.45
2026-01,Coral Quest,NA,15009.18
2026-01,Iron Vanguard,APAC,6773.33
2026-01,Iron Vanguard,EMEA,7072.03
2026-01,Iron Vanguard,NA,9233.57
2026-01,Neon Racer,APAC,3275.62
2026-01,Neon Racer,EMEA,4637.76
2026-01,Neon Racer,NA,5240.16
2026-02,Coral Quest,APAC,9349.75
2026-02,Coral Quest,EMEA,12044.09
2026-02,Coral Quest,NA,14545.7
2026-02,Iron Vanguard,APAC,5426.64
2026-02,Iron Vanguard,EMEA,7486.02
2026-02,Iron Vanguard,NA,8635.2
2026-02,Neon Racer,APAC,3499.06
2026-02,Neon Racer,EMEA,4429.27
2026-02,Neon Racer,NA,4477.26
2026-03,Coral Quest,APAC,8876.32
2026-03,Coral Quest,EMEA,11155.99
2026-03,Coral Quest,NA,11997.42
2026-03,Iron Vanguard,APAC,5457.82
2026-03,Iron Vanguard,EMEA,7450.71
2026-03,Iron Vanguard,NA,7754.41
2026-03,Neon Racer,APAC,3165.14
2026-03,Neon Racer,EMEA,3788.95
2026-03,Neon Racer,NA,4838.66
2026-04,Coral Quest,APAC,8541.28
2026-04,Coral Quest,EMEA,11495.69
2026-04,Coral Quest,NA,11758.29
2026-04,Iron Vanguard,APAC,5170.89
2026-04,Iron Vanguard,EMEA,6748.34
2026-04,Iron Vanguard,NA,7327.35
2026-04,Neon Racer,APAC,3038.02
2026-04,Neon Racer,EMEA,3577.21
2026-04,Neon Racer,NA,4364.48
2026-05,Coral Quest,APAC,7814.98
2026-05,Coral Quest,EMEA,10477.12
2026-05,Coral Quest,NA,9865.53
2026-05,Iron Vanguard,APAC,4676.33
2026-05,Iron Vanguard,EMEA,5781.51
2026-05,Iron Vanguard,NA,7017.07
2026-05,Neon Racer,APAC,2616.7
2026-05,Neon Racer,EMEA,3548.63
2026-05,Neon Racer,NA,3869.27
2026-06,Coral Quest,APAC,7873.56
2026-06,Coral Quest,EMEA,9400.47
2026-06,Coral Quest,NA,11206.76
2026-06,Iron Vanguard,APAC,4348.0
2026-06,Iron Vanguard,EMEA,5351.38
2026-06,Iron Vanguard,NA,5742.41
2026-06,Neon Racer,APAC,2377.34
2026-06,Neon Racer,EMEA,2989.66
2026-06,Neon Racer,NA,3839.49
2026-07,Coral Quest,APAC,8053.92
2026-07,Coral Quest,EMEA,8446.97
2026-07,Coral Quest,NA,10446.48
2026-07,Iron Vanguard,APAC,4476.82
2026-07,Iron Vanguard,EMEA,5562.23
2026-07,Iron Vanguard,NA,6295.42
2026-07,Neon Racer,APAC,2509.37
2026-07,Neon Racer,EMEA,3462.12
2026-07,Neon Racer,NA,3518.36
2026-08,Coral Quest,APAC,8144.94
2026-08,Coral Quest,EMEA,9904.02
2026-08,Coral Quest,NA,10096.32
2026-08,Iron Vanguard,APAC,4319.48
2026-08,Iron Vanguard,EMEA,5647.11
2026-08,Iron Vanguard,NA,6764.46
2026-08,Neon Racer,APAC,2922.28
2026-08,Neon Racer,EMEA,3491.58
2026-08,Neon Racer,NA,3442.14
2026-09,Coral Quest,APAC,9358.15
2026-09,Coral Quest,EMEA,11129.79
2026-09,Coral Quest,NA,12616.67
2026-09,Iron Vanguard,APAC,5176.92
2026-09,Iron Vanguard,EMEA,6777.23
2026-09,Iron Vanguard,NA,6359.15
2026-09,Neon Racer,APAC,2710.93
2026-09,Neon Racer,EMEA,3284.52
2026-09,Neon Racer,NA,3859.8
2026-10,Coral Quest,APAC,8952.74
2026-10,Coral Quest,EMEA,10731.39
2026-10,Coral Quest,NA,12965.06
2026-10,Iron Vanguard,APAC,5101.65
2026-10,Iron Vanguard,EMEA,6947.42
2026-10,Iron Vanguard,NA,7117.43
2026-10,Neon Racer,APAC,3379.2
2026-10,Neon Racer,EMEA,3582.82
2026-10,Neon Racer,NA,4260.74
2026-11,Coral Quest,APAC,11012.12
2026-11,Coral Quest,EMEA,12388.47
2026-11,Coral Quest,NA,14596.69
2026-11,Iron Vanguard,APAC,6226.54
2026-11,Iron Vanguard,EMEA,7491.5
2026-11,Iron Vanguard,NA,7685.59
2026-11,Neon Racer,APAC,3556.79
2026-11,Neon Racer,EMEA,3863.85
2026-11,Neon Racer,NA,5043.26
2026-12,Coral Quest,APAC,11478.18
2026-12,Coral Quest,EMEA,13667.05
2026-12,Coral Quest,NA,12983.13
2026-12,Iron Vanguard,APAC,6063.99
2026-12,Iron Vanguard,EMEA,7331.98
2026-12,Iron Vanguard,NA,7845.41
2026-12,Neon Racer,APAC,3730.56
2026-12,Neon Racer,EMEA,4680.93
2026-12,Neon Racer,NA,4753.9
2027-01,Coral Quest,APAC,11264.32
2027-01,Coral Quest,EMEA,13510.57
2027-01,Coral Quest,NA,13195.88
2027-01,Iron Vanguard,APAC,6595.12
2027-01,Iron Vanguard,EMEA,8184.38
2027-01,Iron Vanguard,NA,7982.58
2027-01,Neon Racer,APAC,3688.94
2027-01,Neon Racer,EMEA,4536.91
2027-01,Neon Racer,NA,5041.64
2027-02,Coral Quest,APAC,9268.04
2027-02,Coral Quest,EMEA,12637.34
2027-02,Coral Quest,NA,14044.08
2027-02,Iron Vanguard,APAC,6399.88
2027-02,Iron Vanguard,EMEA,7741.55
2027-02,Iron Vanguard,NA,7875.19
2027-02,Neon Racer,APAC,3644.98
2027-02,Neon Racer,EMEA,4549.13
2027-02,Neon Racer,NA,5108.65
2027-03,Coral Quest,APAC,8806.4
2027-03,Coral Quest,EMEA,10384.23
2027-03,Coral Quest,NA,13206.04
2027-03,Iron Vanguard,APAC,5309.85
2027-03,Iron Vanguard,EMEA,6925.0
2027-03,Iron Vanguard,NA,8322.19
2027-03,Neon Racer,APAC,3190.8
2027-03,Neon Racer,EMEA,3774.06
2027-03,Neon Racer,NA,4398.88
2027-04,Coral Quest,APAC,8908.82
2027-04,Coral Quest,EMEA,9651.28
2027-04,Coral Quest,NA,11441.94
2027-04,Iron Vanguard,APAC,4771.89
2027-04,Iron Vanguard,EMEA,6455.61
2027-04,Iron Vanguard,NA,7450.04
2027-04,Neon Racer,APAC,2916.16
2027-04,Neon Racer,EMEA,3537.33
2027-04,Neon Racer,NA,4089.65
2027-05,Coral Quest,APAC,7502.18
2027-05,Coral Quest,EMEA,9172.3
2027-05,Coral Quest,NA,10429.42
2027-05,Iron Vanguard,APAC,4702.35
2027-05,Iron Vanguard,EMEA,5277.04
2027-05,Iron Vanguard,NA,6761.92
2027-05,Neon Racer,APAC,2797.39
2027-05,Neon Racer,EMEA,3209.99
2027-05,Neon Racer,NA,3421.59
2027-06,Coral Quest,APAC,7943.13
2027-06,Coral Quest,EMEA,8486.85
2027-06,Coral Quest,NA,9489.66
2027-06,Iron Vanguard,APAC,4166.26
2027-06,Iron Vanguard,EMEA,5005.04
2027-06,Iron Vanguard,NA,6601.38
2027-06,Neon Racer,APAC,2491.51
2027-06,Neon Racer,EMEA,3048.98
2027-06,Neon Racer,NA,3780.88
2027-07,Coral Quest,APAC,7721.75
2027-07,Coral Quest,EMEA,8583.84
2027-07,Coral Quest,NA,10100.64
2027-07,Iron Vanguard,APAC,4840.72
2027-07,Iron Vanguard,EMEA,5322.79
2027-07,Iron Vanguard,NA,6358.4
2027-07,Neon Racer,APAC,2399.82
2027-07,Neon Racer,EMEA,3313.77
2027-07,Neon Racer,NA,3738.44
2027-08,Coral Quest,APAC,8458.89
2027-08,Coral Quest,EMEA,9979.19
2027-08,Coral Quest,NA,10499.07
2027-08,Iron Vanguard,APAC,4321.71
2027-08,Iron Vanguard,EMEA,5770.43
2027-08,Iron Vanguard,NA,6756.02
2027-08,Neon Racer,APAC,2579.0
2027-08,Neon Racer,EMEA,3181.98
2027-08,Neon Racer,NA,3757.7
2027-09,Coral Quest,APAC,9072.87
2027-09,Coral Quest,EMEA,11328.26
2027-09,Coral Quest,NA,10852.51
2027-09,Iron Vanguard,APAC,4827.51
2027-09,Iron Vanguard,EMEA,6631.94
2027-09,Iron Vanguard,NA,7195.35
2027-09,Neon Racer,APAC,3124.24
2027-09,Neon Racer,EMEA,3994.12
2027-09,Neon Racer,NA,4417.24
2027-10,Coral Quest,APAC,10073.5
2027-10,Coral Quest,EMEA,12081.22
2027-10,Coral Quest,NA,12524.87
2027-10,Iron Vanguard,APAC,5778.55
2027-10,Iron Vanguard,EMEA,6393.38
2027-10,Iron Vanguard,NA,8022.71
2027-10,Neon Racer,APAC,3431.29
2027-10,Neon Racer,EMEA,4137.73
2027-10,Neon Racer,NA,4379.62
2027-11,Coral Quest,APAC,9877.85
2027-11,Coral Quest,EMEA,12096.8
2027-11,Coral Quest,NA,12458.0
2027-11,Iron Vanguard,APAC,6451.42
2027-11,Iron Vanguard,EMEA,7391.26
2027-11,Iron Vanguard,NA,8007.13
2027-11,Neon Racer,APAC,3538.31
2027-11,Neon Racer,EMEA,4444.28
2027-11,Neon Racer,NA,4643.54
2027-12,Coral Quest,APAC,11206.09
2027-12,Coral Quest,EMEA,13834.13
2027-12,Coral Quest,NA,13943.8
2027-12,Iron Vanguard,APAC,5812.28
2027-12,Iron Vanguard,EMEA,8005.17
2027-12,Iron Vanguard,NA,9342.52
2027-12,Neon Racer,APAC,3382.27
2027-12,Neon Racer,EMEA,4606.02
2027-12,Neon Racer,NA,5259.15
